Station,Map

038-CDJAPR,cdng43w.tif

046-CDJAPR,cdng43p.tif

018-UGDHYD,cdne43r.tif

041-CDJAPR,cdng43l.tif

018MAHGAND,cdng43s.tif

017-WGDNGP,cdne44b.tif

049-ugdhyd,cdne44i.tif

009NEID3,cdnh46x.tif

003-LYDAGRa,cdng43l.tif

044-CDJAPR,cdng43p.tif

055-UYDDEL,cdnh43l.tif

006-WGDNGP,cdnf44n.tif

01-11-01-002,cdng46u.tif

062-HGDDDN,cdnh44g.tif

039-CDJAPR,cdng43p.tif

028-MAHGAND,cdng43s.tif

013-CDJAPR,cdng43l.tif

021-LBDJPG,cdng45k.tif

012-MDSIL,cdnf46b.tif

043-CDJAPR,cdng43p.tif

01 02 14 005,cdnf42r.tif

018-SWRDKOCHI,cdnc43q.tif

43mgd5ptn,cdng45s.tif

002-HYDCHENNAI,cdnd44h.tif

015-NDBHP,cdnf43l.tif

012-MGD5PTN,cdng45g.tif

01-11-01-007,cdng46u.tif

008-DDASL	,cdnf45b.tif

025-mgd4ptn,cdng45p.tif

029-mgd4ptn,cdng45j.tif

012-SWRDKOCHI,cdnc43k.tif

003-mgd2lkn,cdng44b.tif

0052-SRDCBE,cdnc44m.tif

020-MAHGAND,cdnf43a.tif

010-MBDGHY,cdng46u.tif

024-UBDDIB,cdng46j.tif

023-MBDGHY,cdng46t.tif

028-mgd4ptn,cdng45k.tif

012-mgd2lkn,cdng44i.tif

021-TDSURAT,cdnf43n.tif

016-ERDBWN,cdnf45u.tif

020-mgd4ptn,cdng45i.tif

009-mgd2lkn,cdnh44t.tif

031-TDSURAT,cdnf43s.tif

030-LGDHYD,cdne44p.tif

007-MGD5PTN,cdng45p.tif

008-ERDBWN,cdnf45i.tif

031-UBDDIB,cdng46i.tif

034-UBDDIB,cdng46i.tif

015-ERDBWN,cdnf45o.tif

014-mgd4ptn,cdng45h.tif

005-MGD5PTN,cdng45o.tif

011-MGD1LKN,cdng44k.tif

013-mgd2lkn,cdng44j.tif

037-MDBURLA,cdnf45u.tif

029-ERDBWN,cdne45a.tif

002-MBDGHY,cdng46g.tif

023-ERDBWN,cdnf45u.tif

004-MGD4PTN,cdng45h.tif

035-ERDBWN,cdne44f.tif

028-LBDJPG,cdng45l.tif

028-LGDHYD,cdne44v.tif

028-LGDHYD,cdnh47m.tif

009-WGDNGP,cdnf44t.tif

039-mdburla,cdnf45u.tif

002-MGD4PTN,cdng45h.tif

005-mgd4ptn,cdng45n.tif

007-mgd4ptn,cdng45o.tif

005-LBDJPG,cdng45l.tif

014-mgd2lkn,cdng44i.tif

011-mgd2lkn,cdng44i.tif

015-HGDDDN,cdnh44m.tif

008-SWRDKOCHI,cdnc43k.tif

015-UYDDEL,cdnh43x.tif

028-MGD5PTN,cdng45v.tif

047-ERDBWN,cdne44l.tif

005-LYDAGRA,cdng44h.tif

003-TDSURAT,cdnf43n.tif

004-TDSURAT,cdnf43n.tif

028-wgdngp,cdne44b.tif

032-TDSURAT,cdnf43s.tif

060 MDBURLA,cdnf44v.tif

021-MBDGHY,cdng46u.tif

010-NDBHP,cdnf44i.tif

015-UGDHYD,cdne43f.tif

006-mgd4ptn,cdng45o.tif

016-NDBHP,cdnf43l.tif

033-wgdngp,cdnf44n.tif

NBO-2-050-1251,cdnf43l.tif

006-mgd5ptn,cdng45p.tif

012-UYDDEL,cdnh43r.tif

010-mgd4ptn,cdng45g.tif

004-LBDJPG,cdng46g.tif

011-MGD5PTN,cdng45n.tif

013-MGD5PTN,cdng45m.tif

014-MGD5PTN,cdng45m.tif

021-mgd5ptn,cdng45n.tif

009-LYDAGRA,cdng44n.tif

010-MGD1LKn,cdng44d.tif

002-MGD3VNS,cdng44p.tif

002-LYDAGRA,cdng44g.tif

008-MGD5PTN,cdng45p.tif

012-ubddib,cdng46f.tif

003-MGD1LKN,cdng44d.tif

010-UBDDIB,cdng46e.tif

027-MGD5PTN,cdng45m.tif

022-UBDDIB,cdng46j.tif

002-MGD5PTN,cdng45n.tif

030-mgd4ptn,cdng45p.tif

031-mgd4ptn,cdng45p.tif

023-mgd4ptn,cdng45i.tif

027-LGDHYD,cdne44p.tif

019-UBDDIB,cdng46k.tif

009-MGD5PTN,cdng45n.tif

01-11-01-006,cdng46u.tif

014-HGDDDN,cdnh44g.tif

008-LBDJPG,cdng45l.tif

004-MGD2LKN,cdng44b.tif

017-UYDDEL,cdng43f.tif

016-mgd2lkn,cdng44j.tif

005-ERDBWN,cdnf45o.tif

011-MBDGHY,cdng46u.tif

002-mgd2lkn,cdng44a.tif

012-MGD1LKN,cdng44l.tif

001-MBDGHY,cdng46h.tif

007-MGD3VNS,cdng44r.tif

013-UBDDIB,cdng46e.tif

003-MGD5PTN,cdng45n.tif

018-mgd4ptn,cdng45h.tif

006-UGDHYD,cdne43c.tif

004-MBDGHY,cdng46h.tif

001-LYDAGRA,cdng44a.tif

022-UYDDEL,cdnh43w.tif

012-UGDHYD,cdne43k.tif

013-lkdhyd,cdnd43f.tif

006-LGDHYD,cdne44e.tif

017-LGDHYD,cdne44o.tif

030-UBDDIB,cdng46i.tif

024-MGD4PTN,cdng45o.tif

36-UBDDIB,cdng46e.tif

021-MGD4PTN,cdng45i.tif

018-MGD1LKN,cdng44e.tif

0010-LYDAGRA,cdng44o.tif

024-LGDHYD,cdne44p.tif

023-LBDJPG,cdng45k.tif

008-MGD3VNS,cdng45m.tif

018-ubddib,cdng46k.tif

011-mgd4ptn,cdng45g.tif

019-MGD1LKN,cdng44e.tif

033-UBDDIB,cdng46i.tif

034-UKDPUNE,cdne43n.tif

054-UBDDIB,cdng46e.tif

020-LYDAGRA,cdng44p.tif

007-CDJAIPUR,cdng43v.tif

015-MBDGHY,cdng46u.tif

031-HDCHENNAI,cdnd44s.tif

0034-cdbng,cdnd43w.tif

009-MGD4PTN,cdng44f.tif

014-LYDAGRA,cdng44o.tif

008-UYDDEL,cdnh43l.tif

0031-LKDHYD,cdne44n.tif

010-mgd2lkn,cdng44b.tif

0026-srdcbe,cdnc44g.tif

009-UYDDEL,cdnh43l.tif

015-mgd4ptn,cdng45h.tif

015-DDASL	,cdnf45j.tif

026-UBDDIB,cdng46j.tif

005-UBDDIB,cdnh46x.tif

012-erdbwn,cdnf45p.tif

029-LBDJPG,cdng45l.tif

0025-SWRDKOCHI,cdnc43k.tif

016-LGDHYD,cdne44o.tif

030-MAHGAND ,cdng43s.tif

002-LGDHYD,cdne44h.tif

032-ADSL,cdnf45j.tif

001-LBDJPG,cdng46g.tif

005-jhelum,cdni43i.tif

006-chejmu,cdni43i.tif

012-mgd4ptn,cdng45h.tif

015-LGDHYD,cdne44i.tif

006-MGD3VNS,cdng44r.tif

040-erdbwn,cdne44l.tif

021-UBDDIB,cdng46e.tif

039LBDJPG,cdng46g.tif

016-mgd4ptn,cdng45h.tif

49-LGDHYD,cdne44k.tif

052-MGD1LKN,cdnh44v.tif

NBO-1-028-1230,cdnf44a.tif

017-MGD2LKN,cdnh44s.tif

003-MGD3VNS,cdng44p.tif

025-DDASL,cdnf45d.tif

001-MGD5PTN,cdng44r.tif

011-UYDDEL,cdnh43r.tif

026-MGD5PTN,cdng45m.tif

017-mgd4ptn,cdng45h.tif

016-LYDAGRA,cdng44o.tif

013-mgd4ptn,cdng45h.tif

030-LBDJPG,cdng45l.tif

025-LBDJPG,cdng45l.tif

002-LBDJPG,cdng46g.tif

007-UBDDIB,cdng46f.tif

036-MDBURLA,cdnf45t.tif

023-MGD1LKN,cdng44l.tif

006-LYDAGR,cdng44h.tif

022-LBDJPG,cdng45k.tif

009-UBDDIB,cdng46f.tif

022-DDASL,cdnf45d.tif

023-MGD5PTN,cdng45s.tif

037-UKDPUNE,cdnd43d.tif

016-TDSURAT,cdnf43p.tif

073-mgd5ptn,cdng45s.tif

032-wgdngp,cdnf44t.tif

034-LGDHYD,cdne44i.tif

003-mgd4ptn,cdng45h.tif

042CDJAPR,cdng43u.tif

030-HDCHENNAI,cdnc44a.tif

0025-srdcwc,cdnc43f.tif

38mgd5ptn,cdng45s.tif

032-hydchennai,cdnc44b.tif

002-LKDHYD,cdne43w.tif

022-SRDCBE,cdnc43l.tif

0032-cdbng,cdnd43w.tif

027-ugdhyd,cdne44h.tif

033-UKDPUNE,cdne43i.tif

038-UKDPUNE,cdne43u.tif

004-MGD5PTN,cdng45n.tif

035-UKDPUNE,cdne43j.tif

039-erdbwn,cdne44l.tif

041-SRDCBE,cdnc43l.tif

003-ugdhyd,cdnf43t.tif

027-LBDJPG,cdng45k.tif

032-UKDPUNE,cdne43n.tif

036-ERDBWN,cdne44l.tif

006-MBDGHY,cdng46h.tif

0026-mgd3vns,cdng44v.tif

042-DDASL,cdnf45d.tif

009-UGDHYD,cdne43d.tif

0031-CDBNG,cdnd43v.tif

016-lkdhyd,cdne44s.tif

010-lkdhyd,cdnd43e.tif

009-lkdhyd,cdne43x.tif

0037-CDBNG,cdnd43p.tif

061-ERDBWN,cdnf45n.tif

001-LKDHYD,cdne43v.tif

42mgd5ptn,cdng44x.tif

0024-srdcwc,cdnc43f.tif

0033-hydchennai,cdnd44o.tif

029-hydchennai,cdnd44n.tif

011-MAHGAND,cdnf43c.tif

037-UGDHYD,cdne43r.tif

035-UGDHYD,cdne43e.tif

0024-SWRDKOCHI,cdnc43q.tif

0038-ERDBWN,cdnf45i.tif

0033-cdbng,cdnc43e.tif

055-erdbwn,cdnf45o.tif

057-erdbwn,cdnf45b.tif

045-CDJAPR,cdng43v.tif

062-MGD4PTN,cdng45i.tif

010-MAHGAND,cdnf43b.tif

039-LKDHYD,cdnd43d.tif

0029-LKDHYD,cdne44u.tif

007-MAHGAND,cdnf43b.tif

0036-CDBNG,cdnd43p.tif

056-erdbwn,cdne44l.tif

051-MGD1LKN,cdnh44u.tif

031-LYDAGRA,cdng44s.tif

030-LYDAGRA,cdng44m.tif

005-MAHGAND,cdnf43c.tif

036-UKDPUNE,cdne43v.tif

011-SRDCBE,cdnc43f.tif

023-UGDHYD,cdne44g.tif

019-UGDHYD,cdne43l.tif

036-UGDHYD,cdne43e.tif

002-jhelum,cdni43p.tif

0030-LKDHYD,cdnd43f.tif

058-erdbwn,cdnf45i.tif

018-DDASL,cdng45v.tif

NBO-1-046-1247,cdnf43k.tif

48-lgdhyd,cdne44k.tif

47-LGDHYD,cdne44e.tif

061 MDBURLA,cdnf44k.tif

0022-cdjaipur,cdng43p.tif

016-HGDDDN,cdnh44m.tif

014-mgd3vns,cdng44x.tif

ITCHAPURAM,cdne45a.tif

008-MAHGAND,cdnf43h.tif

66,cdnf43n.tif

NBO-2-055-1257,cdnf44h.tif

028-TDSURAT,cdnf43t.tif

036-DDASL,cdng45v.tif

010-DDASL	,cdnf45c.tif

042-SRDCBE,cdnc44g.tif

031-LGDHYD,cdne44p.tif

CW1WEI000073,cdnf44n.tif

007-HGDDDN,cdnh44g.tif

026-ugdhyd,cdne44a.tif

37-DDASL,cdnf45b.tif

061-MGD4PTN,cdng44f.tif

50-LGDHYD,cdne44k.tif

034-UGDHYD,cdne43c.tif

037-ERDBWN,cdne44l.tif

020-DDASL,cdnf45d.tif

023-DDASL,cdng45u.tif

030-DDASL,cdnf45i.tif

060-erdbwn,cdnf45p.tif

012-MDBURLA,cdnf44r.tif

005-ugdhyd,cdnf43u.tif

001-MGD2LKN,cdnh44s.tif

CW1WEI000075,cdnf44h.tif

CW1WAR000074,cdnf44m.tif

CW1WAR000076,cdne43f.tif

001-DDASL	,cdng45t.tif

005-DDASL	,cdnf45c.tif

NBO-1-055-1259,cdnf43k.tif

074-MGD2LKN,cdnh44m.tif

013-DDASL	,cdnf45d.tif

004-hydchennai,cdnd44h.tif

016-UBDDIB,cdng46k.tif

005-LKDHYD,cdne43q.tif

014-MDSIL,cdng46t.tif

034-wgdngp,cdnf44h.tif

011-DDASL	,cdnf45b.tif

017-LYDAGRA,cdng44o.tif

032-LGDHYD,cdne44v.tif

032-LGDHYD,cdnh47m.tif

004-UKDPUNE,cdne43u.tif

037-LKDHYD,cdnd44a.tif

024-LKDHYD,cdne44u.tif

038-LKDHYD,cdne44u.tif

003-SWRDKOCHI,cdnc43e.tif

008-SRDCBE,cdnc43f.tif

008-mgd2lkn,cdnh44s.tif

013-SRDCBE,cdnc44g.tif

070-LYD AGRA,cdng43r.tif

041LBDJPG,cdng45k.tif

040LBDJPG,cdng45k.tif

bv000f5,cdng46m.tif

BV000FS,cdng46m.tif

BKA00D7,cdng46h.tif

0010NEID3,cdng46d.tif

003-LGD3BEH,cdng45v.tif

025-mgd5ptn,cdng44x.tif

046,cdng46d.tif

022-NEID2,cdnf46j.tif

023-CDJAPR,cdnf43d.tif

055-TDSURAT,cdnf43v.tif

032-MDBURLA,cdnf45u.tif

BB000D6,cdng46g.tif

KATRAGADDA,cdne44l.tif

036-UYDDEL,cdnh43l.tif

024-LBDJPG,cdng45l.tif

025-MGD1LKN,cdng44e.tif

040-MAHGAND,cdng43s.tif

034-CDJAPR,cdng43v.tif

029-ukdpune,cdne43i.tif

057-mgd2lkn,cdnh43x.tif

040-TDSURAT,cdnf43p.tif

038-mgd2lkn,cdng44b.tif

018-chejmu,cdni43p.tif

019-ERDBWN,cdnf45g.tif

007-ERDBWN,cdnf45b.tif

041-TDSURAT,cdnf43w.tif

021MAHGAND,cdnf43g.tif

038MAHGAND,cdnf43a.tif

019-MBDGHY,cdnf46b.tif

017-NDBHP,cdnf43j.tif

002-NDBHP,cdnf44i.tif

014-NDBHP,cdnf43k.tif

NBO-2-036-1237,cdnf43l.tif

009     -srdcbe,cdnc43f.tif

002-SHDSIM(a),cdnh44a.tif

030-MBDGHY,cdng46o.tif

001-mdburla,cdnf44r.tif

019-HGDDDN,cdnh44g.tif

014-MDBURLA,cdnf44x.tif

056-mgd2lkn,cdnh44m.tif

022-MDBURLA,cdnf44x.tif

023-MDBURLA,cdnf44x.tif

030-MDBURLA,cdnf44r.tif

031-MDBURLA,cdnf44x.tif

031-MDBURLA,cdnf45s.tif

058-MDBURLA,cdnf44r.tif

033-MDBURLA,cdnf45t.tif

040-MDBURLA,cdnf45u.tif

008NEID3,cdng46d.tif

003-LBDJPG,cdng46g.tif

057-TDSURAT,cdnf43n.tif

038-UYDDEL,cdnh43l.tif

041-ukdpune,cdne43n.tif

039-SRDCBE,cdnc43e.tif

039-MGD4PTN,cdng45h.tif

065-LYDAGRA,cdng44u.tif

010213ua1,cdnf43c.tif

001-lgdhyd,cdne44h.tif

054-mgd2lkn,cdnh44t.tif

041-mgd2lkn,cdng44i.tif

026-mgd2lkn,cdng44c.tif

004-LGD3BEH,cdng45v.tif

040-UYDDEL,cdnh43l.tif

018-HGDDDN,cdnh44g.tif

027-SWRDKOCHI,cdnc43e.tif

037-TDSURAT,cdnf43w.tif

032-LYDAGRA,cdng43f.tif

008-LYDAGRA,cdng44m.tif

034-LYDAGRA,cdng44a.tif

009-DDASL	,cdnf45c.tif

GYN00N6,cdng43r.tif

022-LKDHYD,cdne44u.tif

042-LYDAGRA,cdng44h.tif

040-UKDPUNE,cdne43o.tif

042-TDSURAT,cdnf43w.tif

043-TDSURAT,cdnf43q.tif

039-TDSURAT,cdnf43w.tif

033-LYDAGRA,cdng44g.tif

022-MGD2LKN-GP,cdnh44s.tif

01-10-09-001,cdng46n.tif

BY00045,cdng46n.tif

005-UYDDEL,cdnh43l.tif

024-LYDAGRA,cdng44s.tif

034-UYDDEL,cdnh43l.tif

GYI00A3,cdng44i.tif

033-HDCHENNAI,cdnc44a.tif

033-UYDDEL,cdnh43l.tif

YETIKOPPAKA,cdne44q.tif

024-MGD3VNS,cdng44w.tif

035-SRDCBE,cdnc43e.tif

01-10-02-001,cdng46m.tif

022-mgd5ptn,cdng44x.tif

066-MDBURLA,cdnf44v.tif

006-LBDJPG,cdng45l.tif

034-HDCHENNAI,cdnc44a.tif

011-ERDBWN,cdnf45i.tif

0102009002,cdnf42x.tif

009-mdsil,cdng46u.tif

004-NDBHP,cdnf43l.tif

005-NDBHP,cdnf43o.tif

020-NDBHP,cdnf44h.tif

036-SRDCBE,cdnc43k.tif

021-NDBHP,cdnf43i.tif

010-mdsil,cdnf46c.tif

058-TDSURAT,cdnf43o.tif

030-LKDHYD,cdnd43f.tif

048-UYDDEL,cdng43f.tif

030-mgd2lkn,cdng44i.tif

019-NDBHP,cdnf44g.tif

010213ua3,cdng43t.tif

036-MAHGAND ,cdng42x.tif

035-MAHGAND ,cdng43m.tif

031_mgd2lkn,cdng44c.tif

041-DDASAL,cdnf45c.tif

026-DDASL,cdnf45d.tif

01-11-03-001,cdng46u.tif

NBO-0-039-1240,cdnf43l.tif

028-HGDDDN,cdnh44a.tif

029-DDASL,cdnf45c.tif

026-CDJAPR,cdnf43e.tif

014-CDJAPR,cdng43u.tif

028-ddasl,cdnf45c.tif

034-MGD2lkn,cdnh44t.tif

031-SRDCBE,cdnc44a.tif

005-SWRDKOCHI,cdnc43e.tif

039-Mgd2lkn,cdng44a.tif

027-DDASL,cdnf45i.tif

010213ub3,cdng43t.tif

057-MGD3VNS,cdnf44d.tif

027-MGD3VNS,cdng44v.tif

026-SWRDKOCHI,cdnd43v.tif

009-CDJAPR,cdng43j.tif

006-SWRDKOCHI,cdnc43e.tif

024-SWRDKOCHI,cdnc43e.tif

047-UYDDEL,cdnh43x.tif

010213ub1,cdnf43c.tif

016-ukdpune,cdne43i.tif

031-CDJAPR,cdng43k.tif

NBO-1-017-1218,cdnf44b.tif

042-UYDDEL,cdnh43r.tif

023-LYDAGRA,cdng44a.tif

GYN10F5,cdng44g.tif

050-TDSURAT,cdnf43o.tif

012-TDSURAT,cdnf43w.tif

003-UKDPUNE,cdne43u.tif

029-CDJAPR,cdng43w.tif

050-UYDDEL,cdng43f.tif

044-UYDDEL,cdnh43r.tif

039-UYDDEL,cdnh43l.tif

051-mgd2lkn,cdnh44s.tif

044-mgd2lkn,cdnh44m.tif

Prakasambarrage,cdne44u.tif

026-HYDCHENNAI,cdnc44h.tif

NBO-2-051-1252,cdnf43p.tif

024-DDASL,cdnf45c.tif

021-wgdngp,cdnf44t.tif

006-UYDDEL,cdnh43l.tif

028-UBDDIB,cdng46d.tif

028-UBDDIB,cdng46e.tif

028-UBDDIB,cdng46k.tif

GYL00B7,cdng44h.tif

032-ERDBWN,cdne45a.tif

018-ERDBWN,cdnf45t.tif

005-wgdngp,cdnf44n.tif

015-mgd2lkn,cdng44i.tif

030-UYDDEL,cdnh43l.tif

049-UYDDEL,cdng43f.tif

011-LYDAGRA,cdng44n.tif

008-MDSIL,cdng46u.tif

009-MBDGHY,cdng46v.tif

043-UKDPUNE,cdne43i.tif

013 NDBHP,cdnf44g.tif

027-HYDCHENNAI,cdnc44h.tif

NDB-WQSS-202012,cdnf43l.tif

048,cdnh46w.tif

047,cdnh47s.tif

050,cdng47a.tif

NBO-1-031-1232,cdnf44g.tif

001-UYDDEL,cdnh44g.tif

011-LKdhyd,cdnd43e.tif

027-UBDDIB,cdng46d.tif

003-ERDBWN,cdnf45o.tif

041-UYDDEL,cdnh43x.tif

021-LKDHYD,cdne44u.tif

019-MGD3VNS,cdng44k.tif

038-MDBURLA,cdnf45t.tif

035-MDBURLA,cdnf45t.tif

NBO-2-054-1255,cdnf43j.tif

026-mgd4ptn,cdng45k.tif

030-HGDDDN,cdnh44g.tif

033-MGD4PTN,cdng45h.tif

013-wgdngp,cdne44b.tif

020-wgdngp,cdnf44u.tif

019-WGDNGP,cdnf44t.tif

032-mgd2lkn,cdng44b.tif

002-SWRDKOCHI,cdnc43d.tif

043-UYDDEL,cdnh43r.tif

022-TDSURAT,cdnf43n.tif

031-MGD3VNS,cdng44p.tif

040-MGD3VAR,cdng44l.tif

039-mgd3vns,cdng44r.tif

38-MGD3VNS,cdng44v.tif

043-MGD3VNS,cdnf44d.tif

036-MGD3VNS,cdng44w.tif

041-MGD3VNS,cdng44r.tif

034-MGD3VNS,cdng44v.tif

037-HDCHENNAI,cdnc44b.tif

070-UBDDIB,cdng46e.tif

005-srdcbe,cdnc43e.tif

021-SWRDKOCHI,cdnc43w.tif

NBO-2-047-1248,cdnf43k.tif

NBO-2-024-1225,cdnf43l.tif

NBO-1-049-1250,cdnf43k.tif

005-MBDGHY,cdng46h.tif

NBO-2-041-1242,cdnf43k.tif

035-HDCHENNAI,cdnc44a.tif

024-MGD1LKN,cdng44d.tif

024-wgdngp,cdne44c.tif

017-DDASL	,cdng45v.tif

035=DDASL,cdnf45c.tif

032-UBDDIB,cdng46o.tif

GYQ00N7,cdng44g.tif

01-11-13-001,cdng46u.tif

002-UKDPUNE,cdne43o.tif

016-MGD1LKN,cdng44l.tif

NBO-1-040-1241,cdnf43k.tif

020-mgd5ptn,cdng45m.tif

037-UYDDEL,cdnh43l.tif

019-mgd5ptn,cdng45s.tif

027-UYDDEL,cdnh44g.tif

007-SRDCBE,cdnc43f.tif

031-MGD5PTN,cdng44x.tif

025-LKDHYD,cdne44u.tif

007-MBDGHY,cdng46h.tif

015-LBDJPG,cdng45k.tif

013-MDSIL,cdnf46b.tif

019-LKDHYD,cdne44t.tif

018-ndbhp,cdnf43k.tif

nbo-2-006-1207,cdnf44i.tif

031-UYDDEL,cdnh43l.tif

028- MDSIL,cdng46u.tif

032-UYDDEL,cdnh43l.tif

033-LBDJPG,cdng46g.tif

002-wgdngp,cdnf44o.tif

025-UBDDIB,cdng46j.tif

006-UKDPUNE,cdne43u.tif

035-UYDDEL,cdnh43l.tif

026- MDSIL,cdng46u.tif

053-SRDCBE,cdnc43l.tif

024-mgd5pat,cdng45s.tif

NBO-1-055-1256,cdnf43p.tif

022-MGD3VNS,cdng44r.tif

020-MGD3VNS,cdng44u.tif

029-UYDDEL,cdnh43l.tif

027- MDSIL,cdng46u.tif

019-LYDAGRA,cdng44p.tif

020-TDSURAT,cdnf43o.tif

034-ERDBWN,cdne44f.tif

GYH70J7,cdnf44b.tif

032-LBDJPG,cdng45k.tif

008-ubddib,cdng47a.tif

022-ERDBWN,cdnf45t.tif

011-UBDDIB,cdng46f.tif

014-UBDDIB,cdng46f.tif

026-LBDJPG,cdng45k.tif

012-MGD3VNS,cdng44v.tif

019-mgd4ptn,cdng45h.tif

NBO-1-044-1245,cdnf43q.tif

027-HGDDDN,cdnh44g.tif

055-MDBURLA,cdnf44v.tif

025-mgd2lkn,cdng44j.tif

007-SWRDKOCHI,cdnc43k.tif

027-mgd2lkn,cdng44j.tif

049-MGD3VNS,cdnf44e.tif

048-MGD3VNS,cdng44r.tif

050-SRDCBE,cdnc44b.tif

010- SRDCBE,cdnc43e.tif

033-DDASL,cdnf45c.tif

023-HGDDDN,cdnh43r.tif

012-CDJAPR,cdng43q.tif

011-CDJAPR,cdng43q.tif

NBO-0-045-1246,cdnf43q.tif

022-MGD2LKN,cdnh44s.tif

031-DDAsl,cdnf45j.tif

034-DDasal,cdnf45i.tif

022-ugdhyd,cdne43f.tif

026-HGDDDN,cdnh43r.tif

046-UYDDEL,cdnh43x.tif

015-lgd3BEH,cdng45w.tif

012-UKDPUNE,cdne43p.tif

008-LKDHYD,cdne43x.tif

010-HGDDDN,cdnh44g.tif

030,cdnc44a.tif

027-mgd4ptn,cdng45j.tif

015-lydagra,cdng44g.tif

043-LYDAGRA,cdng44h.tif

034-MDBURLA,cdnf45s.tif

020-SRDCBE,cdnc43x.tif

041-LYDAGRA,cdng44h.tif

057-LYDAGRA,cdng44o.tif

007-MGD1LKN,cdnh44u.tif

037-MGD1LKN,cdnh44v.tif

051-SRDCBE,cdnc44h.tif

020-MGD2LKN,cdnh44s.tif

001-MDSIL,cdng46u.tif

023-CDBNG,cdnd43x.tif

045-UYDDEL:,cdnh43x.tif

002-MGD1LKN,cdng44d.tif

026-UYDDEL,cdnh44g.tif

034MAHGAND,cdnf42q.tif

039MAHGAND,cdnf42r.tif

010-ERDBWN,cdnf45i.tif

042-HDCHENNAI,cdnd44n.tif

026-WGDNGP,cdnf43x.tif

023-MGD3VNS,cdnf44d.tif

015- MGD3VNS,cdng44p.tif

025-MGD3VNS,cdng44x.tif

004-wgdngp,cdnf44o.tif

016-SRDCBE,cdnc43l.tif

060-LYDAGRA,cdng44o.tif

040-MGD1LKN,cdng44d.tif

007-LYDAGRA,cdnf43f.tif

003-UYDDEL,cdnh43l.tif

034-LBDJPG,cdng46g.tif

04-srdcbe,cdnc44a.tif

011-LGDHYD,cdne44d.tif

028ERDBWN,cdne45a.tif

023-UBDDIB,cdng46j.tif

008-MGD1LKN,cdnh44u.tif

013-ERDBWN,cdnf45n.tif

061-LYDAGRA,cdng44o.tif

002-SHDSIM,cdnh44a.tif

001neid1,cdng46o.tif

002neid1,cdng46o.tif

003neid1,cdnf46d.tif

004neid1,cdng46u.tif

005neid1,cdng46u.tif

013-UYDDEL,cdnh43x.tif

022-HYDCHENNAI,cdnc44h.tif

032-CDJAPR,cdng43q.tif

018-SRDCBE,cdnc44m.tif

044-LYDAGRA,cdng44g.tif

028-UYDDEL,cdnh43l.tif

038-MGD1LKN,cdnh44v.tif

017-UBDDIB,cdng46k.tif

056-LYDAGRA,cdng44o.tif

029-mgd5ptn,cdng45p.tif

024-HGDDDN,cdnh44m.tif

021-SRDCBE,cdnc43x.tif

017-SWRDKOCHI,cdnc43q.tif

050-MGD3VNS,cdnf44e.tif

019-SWRDKOCHI,cdnc43q.tif

042-LGDHYD,cdne44k.tif

019-SRDCBE,cdnc43r.tif

006-SRDCBE,cdnc43f.tif

015-SRDCBE,cdnc43k.tif

035-LYDAGRA,cdng44i.tif

017-CDJAPR,cdng43w.tif

0041-cdbng,cdnd43x.tif

055-LYDAGRA,cdng44t.tif

049-LYDAGRA,cdng43x.tif

039-LYDAGRA,cdng44h.tif

004-LYDAGRA,cdng44g.tif

047-LYDAGRA,cdng44m.tif

019-MGD2LKN,cdng44b.tif

011-TDSURAT,cdnf43w.tif

003-wgdngp,cdnf44o.tif

025-MBDGHY,cdng46h.tif

004-mdsil,cdng46t.tif

003-MDSIL,cdng46u.tif

054-LYDAGRA,cdng44o.tif

NBO-1-053-1254,cdnf43j.tif

NBO-2-010-1210,cdnf44i.tif

019MAHGAND,cdnf43a.tif

016-MAHGAND,cdng43t.tif

003-neid2,cdnf46i.tif

004-UBDDIB,cdnh46v.tif

011-MGD3VNS,cdnf44e.tif

030-ERDBWN,cdne45a.tif

022-MGD1LKN,cdng44f.tif

013-mgd3vns,cdng44x.tif

050-LYDAGRA,cdng44m.tif

017-MAHGAND,cdng43t.tif

014-ukdpune,cdne43b.tif

062-LYDAGRA,cdng44p.tif

032-MGD4PTN,cdng45h.tif

025-HYDCHENNAI,cdnc44h.tif

006-UBDDIB,cdng47a.tif

042-MGD1LKN,cdng44e.tif

016-UYDDEL,cdnh43x.tif

035,cdng46i.tif

003-MBDGHY,cdng46h.tif

018-MGD5PTN,cdng45o.tif

018-LKDHYD,cdne44u.tif

015-mgd5ptn,cdng45n.tif

017-chejmu,cdni43u.tif

013-HGDDDN,cdnh44m.tif

009-HGDDDN,cdnh44g.tif

016-LBDJPG,cdng45k.tif

017-LBDJPG,cdng45k.tif

002-uyddel,cdnh43l.tif

023-HYDCHENNAI,cdnc44h.tif

017-lkdhyd,cdne44t.tif

022-LYDAGRA,cdng44n.tif

001-SHDSIM,cdnh44a.tif

017-SRDCBE,cdnc43r.tif

NBO-1-012-1213,cdnf44b.tif

025-UGDHYD,cdne44h.tif

059-LYDAGRA,cdng44o.tif

023-mgd2lkn,cdnh44s.tif

017-MBDghy,cdng46u.tif

012-MBDGHY,cdng46u.tif

045-LYDAGRA,cdng43l.tif

001-SWRDKOCHI,cdnd43v.tif

010-SWRDKOCHI,cdnc43k.tif

003-UBDDIB,cdnh46x.tif

IBO-2-062-0548,cdnh44a.tif

027-cdbng,cdnd43v.tif

030-TDSURAT,cdnf43s.tif

030CDBNG,cdnd43o.tif

NBO-1-033-1234,cdnf43l.tif

010-CDJAPR,cdng43k.tif

006-MDSIL,cdnf46b.tif

033-MAHGAND ,cdng43s.tif

021-ukdpune,cdne43h.tif

019-CDJAPR,cdng43x.tif

058-LYDAGRA,cdng44o.tif

008-CDJAPR,cdng43p.tif

008-HYDCHENNAI,cdnd44g.tif

043-MGD1LKN,cdng44j.tif

046-SRDCBE,cdnc43l.tif

016-hYDCHENNAI,cdnd44t.tif

010-HYDCHENNAI,cdnd44g.tif

023MAHGAND,cdng43t.tif

007-WGDNGP,cdnf44m.tif

028-HYDCHENNAI,cdnd44h.tif

076-UBDDIB,cdnh46x.tif

003-SRDCBE,cdnc43f.tif

045-MGD1LKN,cdng44e.tif

049-MGD1LKN,cdng44f.tif

01-10-01-001,cdng46m.tif

048-SRDCBE,cdnc44g.tif

047-SRDCBE,cdnc44g.tif

014-lkdhyd,cdnd43f.tif

NBO-2-002-1203,cdnf44j.tif

006-hydchennai,cdnd44h.tif

002-neid2,cdnf46i.tif

011-HGDDDN,cdnh44g.tif

42-ubddib,cdnh46x.tif

019-lgdhyd,cdne44o.tif

023-LKDHYD,cdne44u.tif

019-UYDDEL,cdnh43r.tif

075-UBDDIB,cdnh46x.tif

036-MGD4ptn,cdng45h.tif

024-HYDCHENNAI,cdnc44h.tif

021-HYDCHENNAI,cdnc44b.tif

020-UBDDIB,cdng46e.tif

005-mgd2lkn,cdng44c.tif

010-UYDDEL,cdnh43l.tif

001-MIDSHL,cdng46o.tif

NBO-2-025-1226,cdnf43l.tif

047-MGD1LKN,cdng44e.tif

001-wgdngp,cdnf44h.tif

001-SRDCBE,cdnd44s.tif

012-SRDCBE,cdnc43f.tif

020-LKDHYD,cdne44o.tif

026-MGD1LKN,cdng44k.tif

025-WGDNGP,cdne43f.tif

001-neid2,cdnf46c.tif

013-UGDHYD,cdne43e.tif

028CDBNG,cdnd43o.tif

010-ugdhyd,cdne43e.tif

008-WGDNGP,cdnf44n.tif

025-lgdhyd,cdne44p.tif

014-ugdhyd,cdne43f.tif

017-ugdhyd,cdne43l.tif

020-ugdhyd,cdne43l.tif

016-MBDGHY,cdng46u.tif

029CDBNG,cdnd43i.tif

CW1WE000074,cdnf44g.tif

014-srdcbe,cdnc43l.tif

0047-CDBNG,cdnd43x.tif

NBO-1-043-1244,cdnf43k.tif

NBO-1-042-1243,cdnf43k.tif

022-lgdhyd,cdne44p.tif

031-ukdpune,cdne43v.tif

022-CDBNG,cdnd43x.tif

009-hydchennai,cdnd44g.tif

01-10-24-001,cdng46o.tif

01-10-29-001,cdng46v.tif

040-LYDAGRA,cdng44h.tif

048-MGD1LKN,cdng44e.tif

013-MBDGHY,cdng46v.tif

051-LYDAGRA,cdng44g.tif

018-ukdpune,cdne43p.tif

015-MAHGAND,cdnf43g.tif

044-MGD1LKN,cdng44k.tif

01-11-01-008,cdng46v.tif

CW1WEI000074,cdnf44g.tif

046-MGD1LKN,cdng44l.tif

022-MAHGAND ,cdng43t.tif

028-ukdpune,cdne43p.tif

034-mgd4PTN,cdng45h.tif

006-mgd2lkn,cdng44c.tif

019-ukdpune,cdne43p.tif

NBO-2-021-1222,cdnf44h.tif

NBO-2-001-1202,cdnf44j.tif

012-HYDCHENNAI,cdnd44n.tif

008-ugdhyd,cdne43c.tif

004-MAHGAND,cdnf43c.tif

002-MAHGAND,cdnf43c.tif

024MAHGAND,cdnf43g.tif

002-midshl,cdng46o.tif

031-LBDJPG,cdng45k.tif

015-HYDCHENNAI,cdnd44t.tif

017-HYDCHENNAI,cdnd44s.tif

016-WGDNGP,cdne44a.tif

019-HYDCHENNAI,cdnc44b.tif

007-LBDJPG,cdng45l.tif

029-UBDDIB,cdng46c.tif

013-MGD1LKN,cdng44f.tif

008-MGD4PTN,cdng44f.tif

011-WGDNGP,cdnf44s.tif

004-ERDBWN,cdnf45o.tif

018-UYDDEL,cdng43f.tif

041-HDCHENNAI,cdnd44n.tif

013-HYDCHENNAI,cdnd44o.tif

018-HYDCHENNAI,cdnc44b.tif

007-ugdhyd,cdne43c.tif

020-HYDCHENNAI,cdnc44b.tif

053 -hd chennAI,cdnc44b.tif

054- HD CHENNAI,cdnd44t.tif

022-wgdngp,cdne44b.tif

002-DDASL	,cdng45v.tif

002-ubddib,cdnh46w.tif

018-WGDNGP,cdne44b.tif

042CDBNG,cdnd43o.tif

012-wgdngp,cdnf44s.tif

026CDBNG,cdnd43o.tif

011-SWRDKOCHI,cdnc43k.tif

052- hd chennai,cdnd44n.tif

013-SWRDKOCHI,cdnc43q.tif

008-NDBHP,cdnf44j.tif

01-11-06-003,cdng46u.tif

NBO-1-034-1235,cdnf43l.tif

038-HDCHENNAI,cdnd44s.tif

003-hydchennai,cdnd44h.tif

001NEID3,cdng46c.tif

007-HYDCHENNAI,cdnd44g.tif

NBO-2-010-1211,cdnf44i.tif

016-SWRDKOCHI,cdnc43r.tif

CW1WEI000076,cdnf44n.tif

CCN00J5,cdnd43x.tif

007-DDASL	,cdnf45b.tif

014-MAHGAND,cdnf43b.tif

013-MAHGAND,cdnf43a.tif

011-ukdpune,cdne43p.tif

005-UKDPUNE,cdne43u.tif

001-ugdhyd,cdne43b.tif

001-UBDDIB,cdnh47t.tif

NBO-2-014-1215,cdnf44b.tif

NBO-1-003-1204,cdnf44j.tif

NBO-2-008-1209,cdnf44i.tif

017-MGD1LKN,cdng44l.tif

012-LKDHYD,cdnd43e.tif

001-HYDCHENNAI,cdnd44g.tif

015-UBDDIB,cdng46e.tif

001-MGD1LKN,cdng44d.tif

036-HDCHENNAI,cdnc44a.tif

014-HYDCHENNAI,cdnd44t.tif

001-NDBHP,cdnf44i.tif

020-MGD1LKN,cdng44l.tif

004-UYDDEL,cdnh43l.tif

068-ERDBWN,cdnf45o.tif

073-ERDBWN,cdnf45n.tif

075-ERDBWN,cdnf45b.tif

015-chejmu,cdni43u.tif

048-ERDBWN,cdne44f.tif

012-lgdhyd,cdne44d.tif

076-ERDBWN,cdnf45b.tif

077-ERDBWN,cdnf45h.tif

074-ERDBWN,cdnf45b.tif

078-ERDBWN,cdnf45b.tif

065-MDBURLA,cdnf44v.tif

018-LGDHYD,cdne44o.tif

NBO-1-015-1216,cdnf44c.tif

021-UYDDEL,cdnh43w.tif

004-ugdhyd,cdnf43t.tif

009-GD3BEH,cdnf45e.tif

023-LGDHYD,cdne44k.tif

020-LGDHYD,cdne44j.tif

014-lgdhyd,cdne44i.tif

030-SRDCBE,cdnc43x.tif

018-MGD2LKN,cdng44i.tif

041cdbng,cdnd43v.tif

015-SWRDKOCHI,cdnc43q.tif

001-chejmu,cdni43p.tif

023-SWRDKOCHI,cdnc43x.tif

021-CDJAPR,cdng43w.tif

001-MGD3VNS,cdng44l.tif

CD-NEW-23,cdni43o.tif

CD-NEW-36,cdni43i.tif

CD-NEW-30,cdni43o.tif

013-lgdhyd,cdne44i.tif

027-TDSURAT,cdnf43t.tif

012-lydagra,cdng44t.tif

001-UKDPUNE,cdne43o.tif

046-LYDAGRA,cdng44m.tif

025MAHGAND,cdnf43g.tif

041-MGD1LKN,cdng44d.tif

037-LYDAGRA,cdng43l.tif

CW3WEI000034,cdnf44o.tif

021-LGD3BEH,cdng45p.tif

033,cdne44v.tif

033,cdnh47m.tif

011-LGD3BEH,cdnf45e.tif

015-TDSURAT,cdnf43q.tif

NBO-2-018-1219,cdnf44c.tif

009-MAHGAND,cdnf43h.tif

001-MAHGAND,cdnf43c.tif

038-LYDAGRA,cdng44o.tif

66-LYDAGRA,cdng44o.tif

048-LYDAGRA,cdng44n.tif

064-LYDAGRA,cdng44o.tif

023-LGD3BEH,cdng45v.tif

028-LGD3BEH,cdng45w.tif

NBO-2-005-1206,cdnf44c.tif

002-CDJAPR,cdnf43d.tif

015-CDJAPR,cdng43q.tif

004-CDJPR,cdnf43d.tif

CD-NEW-26,cdni43j.tif

CD-NEW-21,cdni43o.tif

CD-NEW-22,cdni43p.tif

CD-NEW-20,cdni43p.tif

CD-NEW-27,cdni43i.tif

052-LYDAGRA,cdng44g.tif

049-MDBURLA,cdnf45t.tif

0013NEID3,cdnh46w.tif

021-DDASL,cdng45v.tif

010202008,cdng43s.tif

CW3GDL300814,cdnf44o.tif

058-UBDDIB,cdng46d.tif

063-LYDAGRA,cdng44n.tif

023-ukdpune,cdne43n.tif

003NEID-3,cdnh46x.tif

046-LBDJPG,cdng45l.tif

016-MDSIL,cdng46u.tif

CW1WEI00037,cdnf44u.tif

024- MDSIL,cdng46v.tif

025 - MDSIL,cdng46u.tif

015-MDSIL,cdng46u.tif

NBO-1-028-1229,cdnf44g.tif

018-LYDAGRA,cdng44p.tif

029-MDSIL,cdnf46h.tif

036-LYDAGRA,cdng43l.tif

026,cdnh44g.tif

004neid3,cdnh46w.tif

028-SWRDKOCHI,cdnc43q.tif

CW1WEI000067,cdnf44n.tif

009-MGD1LKN,cdnh44v.tif

053-LYDAGRA,cdng44n.tif

042-LBDJPG,cdng45l.tif

044-LBDJPG,cdng45l.tif

043-LBDJPG,cdng45l.tif

CW1WAR000038,cdne44a.tif

CW1WAR000043,cdne44a.tif

srdcbe 052,cdnc43l.tif

040-LKDHYD,cdne44n.tif

CW1WAR000039,cdne43f.tif

CW1WEI000045,cdnf44o.tif

055-UBDDIB,cdng46e.tif

CW1WEI180516,cdnf44o.tif

018-MDSIL,cdng46u.tif

CW1WEI000033,cdnf44m.tif

CW1WAR000049,cdnf44s.tif

019-MDSIL,cdng46u.tif

CW1WAR000036,cdnf43w.tif

CW1WAR000040,cdne43f.tif

CW1WAR000052,cdnf44s.tif

021-MDSIL,cdng46u.tif

022-MDSIL,cdnf46b.tif

027-MAHGAND,cdng43s.tif

023-MDSIL,cdnf46h.tif

017-MDSIL,cdng46u.tif

005-MGD1LkN,cdnh44u.tif

NBO-2-007-1208,cdnf44i.tif

NBO-2-035-1236,cdnf44g.tif

NBO-2-037-1238,cdnf44g.tif

73988598,cdnc43l.tif

005NEID3,cdng46c.tif

070-ERDBWN,cdne44f.tif

072-ERDBWN,cdne44l.tif

007NEID3,cdng46d.tif

004-SWRDKOCHI,cdnc43d.tif

039-SWRDKOCHI,cdnc43q.tif

CW1WEI000058,cdnf44n.tif

CW1WAR000059,cdne44b.tif

005-cdjapr,cdnf43d.tif

042-SWRDKOCHI,cdnc43x.tif

041-SWRDKOCHI,cdnc43x.tif

037 CDBNG,cdnd43v.tif

010214002,cdnf42w.tif

059-UBDDIB,cdng46f.tif

018-LGD3BEH,cdng45p.tif

037-SWRDKOCHI,cdnc43x.tif

020-SWRDKOCHI,cdnc43q.tif

038-SWRDKOCHI,cdnc43q.tif

057-UBDDIB,cdng46e.tif

014-UYDDEL,cdnh43x.tif

018-LBDJPG,cdng45l.tif

007-UYDDEL,cdnh43l.tif

035-CDJAPR,cdng43p.tif

021-MGD1LKN,cdng44f.tif

015-MGD1LKN,cdng44l.tif

022-MBDGHY,cdnf46b.tif

020-LBDJPG,cdng45k.tif

002Neid3,cdng46c.tif

047-LBDJPG,cdng45l.tif

NBO-2-051-1227,cdnf43j.tif

048-HDCHENNAI,cdnd44g.tif

048-MDBURLA,cdnf45t.tif

020-UYDDEL,cdnh43w.tif

020-MDSIL,cdng46u.tif

025-CDJAPR,cdnf43k.tif

060-mgd2lkn,cdng44c.tif

003-LKDHYD,cdne43w.tif

7397907C,cdnc43f.tif

003-lgdhyd,cdne44e.tif

NBO-1-026-1227,cdnf44g.tif

002-SRDCBE,cdnd44s.tif

004-lgdhyd,cdne44e.tif

047-CDJAPR,cdng43v.tif

033-HGDDDN,cdnh44g.tif

050-MGD1LKN,cdng44l.tif

007-MDSIL,cdng46u.tif

058-HGDDDN,cdnh43r.tif

NBO-1-020-1221,cdnf44h.tif

NBO-2-022-1223,cdnf44h.tif

035-MGD1LKN,cdnh44u.tif

036-MGD1LKN,cdnh44u.tif

027-MDBURLA,cdnf44q.tif

011-MDBURLA,cdnf44r.tif

039,cdnd44h.tif

SRLMDM,cdne44s.tif

CHAMPAKULAM,cdnc43q.tif

028-MDBURLA,cdnf44r.tif

006-DDASL	,cdnf45b.tif

037-DDASL,cdnf45b.tif

031,cdnd44s.tif

007RAJG,cdnf45p.tif

044-SRDCBE,cdnc43f.tif

045-SRDCBE,cdnc44g.tif

026-lgdhyd,cdne44p.tif

043-SRDCBE,cdnc43f.tif

064-MDBURLA,cdnf44r.tif

016-MGD5PTN,cdng45o.tif

008-MDBURLA,cdnf45g.tif

026-MDBURLA,cdnf44r.tif

052-mgd5ptn,cdng45n.tif

055-mgd5ptn,cdng45m.tif

054-mgd5ptn,cdng45n.tif

HR00001,cdnh43l.tif

035-MGD4PTN,cdng45g.tif

052-MGD4PTN,cdng45i.tif

025-SWRDKOCHI,cdnc43e.tif

ACHENCOIL,cdnc43r.tif

MALAPUARAM_CS,cdnc43e.tif

VIDYANAGAR,cdnd43v.tif

ARIANKAVU,cdnc43x.tif

KOCHUPAMPA,cdnc43r.tif

013-MDBURLA,cdnf44l.tif

047-MGD4PTN,cdng45j.tif

058-MGD4PTN,cdng45g.tif

059-MGD4PTN,cdng45h.tif

042-MGD4PTN,cdng45n.tif

038-SRDCBE,cdnc43e.tif

045-MDBURLA,cdnf44l.tif

020-MDBURLA,cdnf44q.tif

007-mgd2lkn,cdnh44m.tif

043-MDBURLA,cdnf44p.tif

010-MDBURLA,cdnf44q.tif

025-MDBURLA,cdnf44q.tif

003-mdburla,cdnf44e.tif

031-ERDBWN,cdne45a.tif

006-ERDBWN,cdnf45i.tif

022-mgd4ptn,cdng45i.tif

036-SWRDKOCHI,cdnc43w.tif

063-mgd5ptn,cdng45s.tif

046-HDCHENNAI,cdnd44a.tif

058-mgd5ptn,cdng45u.tif

069-ERDBWN,cdnf45i.tif

006-mdburla,cdnf44q.tif

007-MDBURLA,cdnf44l.tif

003-MAHGAND,cdng43u.tif

029-MAHGAND ,cdng43s.tif

032-MAHGAND ,cdnf42f.tif

007-ukdpune,cdne43u.tif

009-MDBURLA,cdnf44q.tif

005-MDBURLA,cdnf44k.tif

NBO-2-038-1239,cdnf43l.tif

009-ndbhp,cdnf44i.tif

012-NDBHP,cdnf44b.tif

056-mgd5ptn,cdng45n.tif

051-mgd5ptn,cdng45o.tif

062-erdbwn,cdnf45i.tif

001-ERDBWN,cdnf45o.tif

052-ERDBWN,cdnf45t.tif

049-ERDBWN,cdnf45t.tif

042-erdbwn,cdne45a.tif

033-ERDBWN,cdne44f.tif

010-wgdngp,cdne44b.tif

016-MDBURLA,cdnf44p.tif

014-MGD1LKN,cdng44e.tif

008-HGDDDN,cdnh44g.tif

CW3WAR000060,cdne44b.tif

012-MAHGAND,cdnf43c.tif

006-MAHGAND,cdnf43c.tif

CW1WEI000053,cdnf44n.tif

019-MDBURLA,cdnf44p.tif

021-MDBURLA,cdnf44k.tif

067-mgd5ptn,cdng45s.tif

035MGD5PAT,cdng45n.tif

GGQ00H8,cdng45n.tif

059-mgd5ptn,cdng45t.tif

045-ERDBWN,cdne44l.tif

043-erdbwn,cdne45g.tif

005-cdbng,cdnd43j.tif

018-MDBURLA,cdnf44p.tif

033-MGD5PTN,cdng45n.tif

062-mgd5ptn,cdng45t.tif

069-mgd5ptn,cdng45v.tif

068-mgd5ptn,cdng44r.tif

067-ERDBWN,cdnf45o.tif

032-HGDDDN,cdnh44g.tif

060-MGD4PTN,cdng45h.tif

054-MGD4PTN,cdng45i.tif

044-MGD4PTN,cdng45o.tif

055-MGD4PTN,cdng45i.tif

048-MGD4PTN,cdng45j.tif

051-MGD4PTN,cdng45j.tif

038-MGD4PTN,cdng45a.tif

033-CDJAPR,cdng43v.tif

056-MGD4PTN,cdng45h.tif

044-HDCHENNAI,cdnd44h.tif

053-MGD4PTN,cdng45h.tif

057-MGD4PTN,cdng45h.tif

037-MGD4PTN,cdng44f.tif

CW1WAR000054,cdnf44s.tif

020-CDJAPR,cdnf43e.tif

046-MGD4PTN,cdng45n.tif

041-MGD4PTN,cdng45g.tif

043-MGD4PTN,cdng45n.tif

049-MGD4PTN,cdng45p.tif

026-LGD3BEH,cdnf45e.tif

015-MDBURLA,cdnf44v.tif

017-MDBURLA,cdnf44p.tif

001-lgd3beh,cdng45w.tif

022-SWRDKOCHI,cdnc43x.tif

CW1WAR000062,cdne44b.tif

016-CDJAPR,cdng43q.tif

026MAHGAND,cdng43s.tif

001-CDJPR,cdnf43d.tif

01 02 17 005,cdnf43w.tif

014-TDSURAT,cdnf43q.tif

024-LGD3BEH,cdnf45e.tif

022-LGD3BEH,cdnf45k.tif

025-LGD3BEH,cdnf45e.tif

065-ERDBWN,cdnf45g.tif

050-ERDBWN,cdnf45m.tif

053-ERDBWN,cdnf45m.tif

051-ERDBWN,cdnf45m.tif

025-ukdpune,cdne43i.tif

056-hd chennai,cdnd44n.tif

060-MDBURLA,cdnf44r.tif

046-ERDBWN,cdne44l.tif

032-MGD5PTN,cdng45n.tif

050-mgd5ptn,cdng45u.tif

071-mgd5ptn,cdng45s.tif

064-mgd5ptn,cdng45o.tif

066-mgd5ptn,cdng45m.tif

002-MDBURLA,cdnf45m.tif

070-mgd5ptn,cdng45v.tif

061-mgd5ptn,cdng45t.tif

065-mgd5ptn,cdng44r.tif

060-mgd5ptn,cdng45m.tif

037MGD5PTN,cdng45n.tif

072-mgd5ptn,cdng44x.tif

047-hdchennai,cdnd44n.tif

017-ukdpune,cdne43h.tif

007-NDBHP,cdnf43j.tif

001-MGD4PTN,cdng45g.tif

014-DDASL	,cdnf45d.tif

019-LBDJPG,cdng45k.tif

CW1WEI000046,cdnf44o.tif

051,cdng46i.tif

CW1WEI000057,cdnf44g.tif

CW1WEI000064,cdnf44u.tif

CW1WAR000071,cdnf44s.tif

034-MGD5PTN,cdng45o.tif

022-ukdpune,cdne43h.tif

004-DDASL	,cdng45u.tif

01-10-15-001,cdng46n.tif

005-HGDDDN,cdnh44g.tif

004-HGDDDN,cdnh44g.tif

006-HGDDDN,cdnh44g.tif

045-MGD4PTN,cdng45o.tif

050-MGD4PTN,cdng45j.tif

CW1WAR000056,cdnf44t.tif

CW1WEI000055,cdnf44t.tif

CW1WEI000061,cdnf44n.tif

040-MGD4PTN,cdng45g.tif

062-mgd2lkn,cdnh44t.tif

027-LGD3BEH,cdnf45k.tif

042-MGD3VNS,cdng44r.tif

046-mgd3vns,cdng44x.tif

028-MGD3VNS,cdng44r.tif

35-MGD3VNS,cdng44r.tif

044-MGD3VNS,cdng44r.tif

037-MGD3VNS,cdng44v.tif

024-MDBURLA,cdnf44v.tif

020-ERDBWN,cdnf45m.tif

025CDBNG,cdnd43u.tif

014-SWRDKOCHI,cdnc43q.tif

HGDDDN-053,cdnh44g.tif

017-LGD3BEH,cdnf45e.tif

013-LYDAGRA,cdng44u.tif

004-LKDHYD,cdne43x.tif

005-LGD3BEH,cdng45p.tif

003-DDASL	,cdng45t.tif

039-MGD1LKN,cdnh44v.tif

006-SHDSIM,cdni43w.tif

CW1WEI000042,cdnf44h.tif

CW1WEI000047,cdnf44n.tif

IBO-2-063-0549,cdnh44a.tif

IBO-1-058-0544,cdnh44a.tif

036-CDJAPR,cdng43j.tif

01-10-14-001,cdng46h.tif

005-hydchennai,cdnd44h.tif

045-HDCHENNAI,cdnd44n.tif

049 -HD CHENNAI,cdnd44o.tif

01-10-19-001,cdng46n.tif

01-10-16-001,cdng46n.tif

01-10-25-001,cdng46n.tif

057-hd CHENNAI,cdnd44s.tif

01-10-18-001,cdng46o.tif

045-hd chennai,cdnd44t.tif

011-mdsil,cdnf46c.tif

005-mdsil,cdnf46b.tif

002-MDSIL,cdng46t.tif

019-chejmu,cdni43w.tif

007-LGD3BEH,cdnf45e.tif

043-HDCHENNAI,cdnd44n.tif

040-HDCHENNAI,cdnd44n.tif

CW1WEI000069,cdnf44i.tif

002-ugdhyd,cdne43c.tif

IBO-1-057-0543,cdni44s.tif

012-LGD3BEH,cdng45w.tif

026-LKDHYD,cdne44t.tif

034-LKDHYD,cdne44n.tif

CW1WEI000072,cdnf44h.tif

077-UBDDIB,cdng46k.tif

017-ERDBWN,cdnf45n.tif

020-chejmu,cdni43w.tif

015-lkdhyd,cdne43x.tif

016-LGD3BEH,cdnf45e.tif

014-ERDBWN,cdnf45h.tif

CW1WEI000065,cdnf44i.tif

021-CHEJMU,cdni43w.tif

IBO-1-056-0542,cdni43x.tif

IBO-1-059-0545,cdnh44a.tif

IBO-1-060-0546,cdnh43e.tif

022-CHEJMU,cdni43w.tif

CW1WEI000068,cdnf44h.tif

014-LGD3BEH,cdng45w.tif

CW1WAR000063,cdnf44m.tif

010MGD5PTN,cdng45n.tif

024-CDJAPR,cdng43w.tif

002-LGD3BEH,cdng45w.tif

006-LGD3BEH,cdng45v.tif

CW3WEI121214,cdnf44h.tif

027-cdjapr,cdng43p.tif

010-ukdpune,cdne43p.tif

013-LGD3BEH,cdnf45e.tif

042-UKD PUNE,cdne43u.tif

008-LGD3BEH,cdng45w.tif

010-LGD3BEH,cdng45w.tif

CW1WAR000070,cdnf44m.tif

003-NDBHP,cdnf44i.tif

035-HGDDDN,cdnh44g.tif

020-HGDDDN,cdnh44g.tif

020-ukdpune,cdne43w.tif

0046-CDBNG,cdnd43x.tif

020-CDBNG,cdnd43x.tif

011-CDBNG,cdnd43v.tif

0044-CDBNG,cdnd43v.tif

027-ukdpune,cdnd43c.tif

029-mgd2lkn,cdng44b.tif

040CDBNG,cdnd43p.tif

008-CDBNG,cdnd43q.tif

069-LYDAGRA,cdng44s.tif

030-CDJAPR,cdng43p.tif

0045-CDBNG,cdnd43x.tif

002-CDBNG,cdnd43j.tif

MGD2-035,cdnh44t.tif

055-mgd2lkn,cdnh44m.tif

010-CDBNG,cdnd43p.tif

006-MGD1LKN,cdnh44u.tif

011-cdbmg,cdnd43p.tif

056-CDBNG-T,cdnd43p.tif

059-CDBNG-T,cdnd43p.tif

060-CDBNG-T,cdnd43p.tif

050-CDBNG-T,cdnc43e.tif

055-CDBNG-T,cdnd43p.tif

058-CDBNG-T,cdnd43p.tif

054-CDBNG-T,cdnd43v.tif

057-CDBNG-T,cdnd43v.tif

052-CDBNG-T,cdnd43v.tif

061-CDBNG-T,cdnd43p.tif

051-CDBNG-T,cdnc43e.tif

053-CDBNG-T,cdnd43v.tif

062-CDBNG-T,cdnd43p.tif

035-CDBNG,cdnd43p.tif

CDJ34,cdng43r.tif

049-CDBNG,cdnd43p.tif

045-mgd2lkn,cdnh44m.tif

021-CDBNG,cdnd43w.tif

009-MGD3VNS,cdng44k.tif

009-ukdpune,cdnd43d.tif

008-ukdpune,cdne43u.tif

009-CDBNG,cdnd43j.tif

015-ukdpune,cdne43t.tif

026--ukdpune,cdnd43c.tif

013-ukdpune,cdne43t.tif

CDJ35,cdng43w.tif

016-CDBNG,cdnd43w.tif

028-MGD2lkn,cdng44c.tif

039 CDBNG,cdnd43p.tif

049-SRDCBE,cdnc44g.tif

012-cdbng,cdnd43v.tif

0042-cdbng,cdnd43x.tif

017-CDBNG,cdnd43w.tif

015-CDBNG,cdnd43w.tif

010214003,cdnf42p.tif

040-SWRDKOCHI,cdnc43x.tif

006-NDBHP,cdnf44b.tif

029-SWRDKOCHI,cdnc43k.tif

042-mgd2lkn,cdng44i.tif

024-CDBNG,cdnd43x.tif

40- SRDCBE,cdnc43e.tif

013-CDBNG,cdnd43w.tif

018-CDBNG,cdnd43w.tif

0043-CDBNG,cdnd43w.tif

006-CDBNG,cdnd43p.tif

0048-CDBNG,cdnd43x.tif

040-mgd2lkn,cdng44a.tif

019-CDBNG,cdnd43x.tif

056-TDSURAT,cdnf43v.tif

CW1PRA000084,cdne44b.tif

001-CDBNG,cdnd43p.tif

056-MGD-3VNS,cdnf44c.tif

052-mgd2lkn,cdnh44s.tif

059-mgd2lkn,cdnh44t.tif

053-mgd2lkn,cdnh44t.tif

036-mgd2lkn,cdng44b.tif

033-mgd2lkn,cdnh44t.tif

032-mgd3vns,cdng44w.tif

033-MGD3VNS,cdng44v.tif

045-MGD3VNS,cdng44w.tif

030-MGD3VNS,cdng44p.tif

003-CDBNG,cdnd43j.tif

053-MDBURLA,cdnf44v.tif

041-lgdhyd,cdne44k.tif

013-TDSURAT,cdnf43r.tif

004-CDBNG,cdnd43j.tif

059-MDBURLA,cdnf45s.tif

004-MDBURLA,cdnf44k.tif

029-MDBURLA,cdnf44r.tif

01-10-21-001,cdng46o.tif

031-SWRDKOCHI,cdnc43q.tif

034-SWRDKOCHI,cdnc43k.tif

009-SWRDKOCHI,cdnc43k.tif

032-SWRDKOCHI,cdnc43q.tif

056-MDBURLA,cdnf44k.tif

030-ukdpune,cdnd43d.tif

046-MDBURLA,cdnf45u.tif

035-SWRDKOCHI,cdnc43q.tif

035-TDSURAT,cdne43a.tif

033-TDSURAT,cdnf43h.tif

036-CDBNG,cdnd43j.tif

007-CDBNG,cdnd43q.tif

031-MAHGAND,cdng43s.tif

033-SWRDKOCHI,cdnc43k.tif

002-TDSURAT,cdnf43n.tif

018-TDSURAT,cdnf43p.tif

0035-CDBNG,cdnd43v.tif

038cdbng,cdnd43p.tif

037-mgd2lkn,cdnh44t.tif

057-MDBURLA,cdnf45s.tif

054-MDBURLA,cdnf44q.tif

017-TDSURAT,cdnf43p.tif

006-TDSURAT,cdnf43h.tif

010-TDSURAT,cdnf43x.tif

001-TDSURAT,cdnf43h.tif

062 MDBURLA,cdnf44w.tif

050-MDBURLA,cdnf45t.tif

051-MDBURLA,cdnf45t.tif

052-mdburla,cdnf45t.tif

047-MDBURLA,cdnf45u.tif

008-TDSURAT,cdnf43v.tif

030-SWRDKOCHI,cdnc43k.tif

036-TDSURAT,cdnf43w.tif

038-TDSURAT,cdnf43x.tif

034-TDSURAT,cdnf43n.tif

024-TDSURAT,cdnf43s.tif

